"","ï..id","sp","count1","count2","count3","count4","count5","count6","count7","count8","count9","count10","count11","count12","count13","count14","count15","count16","count17","count18","count.19","count.20","count.21","count.22","count.23","count.24","count.25","dvera_mean","dwat_mean","v1_sum","v2_sum","v3_sum","v4_sum","v5_sum","v6_sum","year","typeuse","time1","time2","time3","time4","time5","time6","time7","time8","time9","time10","time11","time12","time13","time14","time15","time16","time17","time18","time19","time20","time21","time22","time23","time24","time25"
"1","C61","ciervo",NA,NA,NA,NA,NA,NA,4,9,13,21,10,NA,NA,NA,NA,NA,NA,NA,NA,NA,NA,NA,NA,NA,NA,0,4.63290902656352,0,100,0,0,0,0,0,2,NA,NA,NA,NA,NA,NA,7,8,9,10,11,NA,NA,NA,NA,NA,NA,NA,NA,NA,NA,NA,NA,NA,NA
"2","C61","gamo",NA,NA,NA,NA,NA,NA,1,5,2,2,1,NA,NA,NA,NA,NA,NA,NA,NA,NA,NA,NA,NA,NA,NA,0,4.63290902656352,0,100,0,0,0,0,0,2,NA,NA,NA,NA,NA,NA,7,8,9,10,11,NA,NA,NA,NA,NA,NA,NA,NA,NA,NA,NA,NA,NA,NA
"3","C61","jabali",NA,NA,NA,NA,NA,NA,7,14,23,23,15,NA,NA,NA,NA,NA,NA,NA,NA,NA,NA,NA,NA,NA,NA,0,4.63290902656352,0,100,0,0,0,0,0,2,NA,NA,NA,NA,NA,NA,7,8,9,10,11,NA,NA,NA,NA,NA,NA,NA,NA,NA,NA,NA,NA,NA,NA
"4","C62","ciervo",3,5,NA,NA,NA,NA,NA,NA,NA,NA,NA,NA,NA,NA,NA,NA,NA,NA,NA,NA,NA,NA,NA,NA,NA,0.822957629212059,4.63451243164628,0,3,71,0,0,26,0,3,1,2,NA,NA,NA,NA,NA,NA,NA,NA,NA,NA,NA,NA,NA,NA,NA,NA,NA,NA,NA,NA,NA,NA,NA
"5","C62","gamo",1,0,NA,NA,NA,NA,NA,NA,NA,NA,NA,NA,NA,NA,NA,NA,NA,NA,NA,NA,NA,NA,NA,NA,NA,0.822957629212059,4.63451243164628,0,3,71,0,0,26,0,3,1,2,NA,NA,NA,NA,NA,NA,NA,NA,NA,NA,NA,NA,NA,NA,NA,NA,NA,NA,NA,NA,NA,NA,NA
"6","C62","jabali",10,5,NA,NA,NA,NA,NA,NA,NA,NA,NA,NA,NA,NA,NA,NA,NA,NA,NA,NA,NA,NA,NA,NA,NA,0.822957629212059,4.63451243164628,0,3,71,0,0,26,0,3,1,2,NA,NA,NA,NA,NA,NA,NA,NA,NA,NA,NA,NA,NA,NA,NA,NA,NA,NA,NA,NA,NA,NA,NA
"7","C81","ciervo",NA,NA,NA,NA,NA,NA,2,5,NA,NA,NA,NA,NA,NA,NA,NA,NA,NA,NA,NA,NA,NA,NA,NA,NA,5.24023896378328,2.28226513215661,9,91,0,0,0,0,0,2,NA,NA,NA,NA,NA,NA,7,8,NA,NA,NA,NA,NA,NA,NA,NA,NA,NA,NA,NA,NA,NA,NA,NA,NA
"8","C81","gamo",NA,NA,NA,NA,NA,NA,0,0,NA,NA,NA,NA,NA,NA,NA,NA,NA,NA,NA,NA,NA,NA,NA,NA,NA,5.24023896378328,2.28226513215661,9,91,0,0,0,0,0,2,NA,NA,NA,NA,NA,NA,7,8,NA,NA,NA,NA,NA,NA,NA,NA,NA,NA,NA,NA,NA,NA,NA,NA,NA
"9","C81","jabali",NA,NA,NA,NA,NA,NA,4,1,NA,NA,NA,NA,NA,NA,NA,NA,NA,NA,NA,NA,NA,NA,NA,NA,NA,5.24023896378328,2.28226513215661,9,91,0,0,0,0,0,2,NA,NA,NA,NA,NA,NA,7,8,NA,NA,NA,NA,NA,NA,NA,NA,NA,NA,NA,NA,NA,NA,NA,NA,NA
"10","C82","ciervo",NA,NA,NA,NA,NA,NA,4,5,9,5,NA,NA,NA,NA,NA,NA,NA,NA,NA,NA,NA,NA,NA,NA,NA,0.954022669879912,1.70731018565131,0,96,4,0,0,0,0,2,NA,NA,NA,NA,NA,NA,7,8,9,10,NA,NA,NA,NA,NA,NA,NA,NA,NA,NA,NA,NA,NA,NA,NA
"11","C82","gamo",NA,NA,NA,NA,NA,NA,0,0,0,0,NA,NA,NA,NA,NA,NA,NA,NA,NA,NA,NA,NA,NA,NA,NA,0.954022669879912,1.70731018565131,0,96,4,0,0,0,0,2,NA,NA,NA,NA,NA,NA,7,8,9,10,NA,NA,NA,NA,NA,NA,NA,NA,NA,NA,NA,NA,NA,NA,NA
"12","C82","jabali",NA,NA,NA,NA,NA,NA,3,5,16,4,NA,NA,NA,NA,NA,NA,NA,NA,NA,NA,NA,NA,NA,NA,NA,0.954022669879912,1.70731018565131,0,96,4,0,0,0,0,2,NA,NA,NA,NA,NA,NA,7,8,9,10,NA,NA,NA,NA,NA,NA,NA,NA,NA,NA,NA,NA,NA,NA,NA
"13","C83","ciervo",NA,NA,NA,NA,NA,NA,8,NA,NA,NA,NA,NA,NA,NA,NA,NA,NA,NA,NA,NA,NA,NA,NA,NA,NA,2.07856523782165,3.59436562633487,0,0,36,0,0,64,0,6,NA,NA,NA,NA,NA,NA,7,NA,NA,NA,NA,NA,NA,NA,NA,NA,NA,NA,NA,NA,NA,NA,NA,NA,NA
"14","C83","gamo",NA,NA,NA,NA,NA,NA,8,NA,NA,NA,NA,NA,NA,NA,NA,NA,NA,NA,NA,NA,NA,NA,NA,NA,NA,2.07856523782165,3.59436562633487,0,0,36,0,0,64,0,6,NA,NA,NA,NA,NA,NA,7,NA,NA,NA,NA,NA,NA,NA,NA,NA,NA,NA,NA,NA,NA,NA,NA,NA,NA
"15","C83","jabali",NA,NA,NA,NA,NA,NA,0,NA,NA,NA,NA,NA,NA,NA,NA,NA,NA,NA,NA,NA,NA,NA,NA,NA,NA,2.07856523782165,3.59436562633487,0,0,36,0,0,64,0,6,NA,NA,NA,NA,NA,NA,7,NA,NA,NA,NA,NA,NA,NA,NA,NA,NA,NA,NA,NA,NA,NA,NA,NA,NA
"16","C100","ciervo",NA,NA,NA,NA,NA,NA,0,0,0,0,0,0,0,1,4,0,0,2,NA,NA,NA,NA,NA,NA,NA,17.5814271947803,7.74056808847336,26,63,11,0,0,0,0,2,NA,NA,NA,NA,NA,NA,7,8,9,10,11,12,13,14,15,16,17,18,NA,NA,NA,NA,NA,NA,NA
"17","C100","gamo",NA,NA,NA,NA,NA,NA,0,0,0,0,0,0,0,0,0,0,0,0,NA,NA,NA,NA,NA,NA,NA,17.5814271947803,7.74056808847336,26,63,11,0,0,0,0,2,NA,NA,NA,NA,NA,NA,7,8,9,10,11,12,13,14,15,16,17,18,NA,NA,NA,NA,NA,NA,NA
"18","C100","jabali",NA,NA,NA,NA,NA,NA,1,1,0,1,0,2,0,0,0,0,0,0,NA,NA,NA,NA,NA,NA,NA,17.5814271947803,7.74056808847336,26,63,11,0,0,0,0,2,NA,NA,NA,NA,NA,NA,7,8,9,10,11,12,13,14,15,16,17,18,NA,NA,NA,NA,NA,NA,NA
"19","C102","ciervo",NA,NA,NA,NA,NA,NA,2,7,12,2,15,8,7,NA,NA,NA,NA,NA,NA,NA,NA,NA,NA,NA,NA,6.54721970508106,1.79472470417763,82,18,0,0,0,0,0,1,NA,NA,NA,NA,NA,NA,7,8,9,10,11,12,13,NA,NA,NA,NA,NA,NA,NA,NA,NA,NA,NA,NA
"20","C102","gamo",NA,NA,NA,NA,NA,NA,0,0,0,0,0,0,0,NA,NA,NA,NA,NA,NA,NA,NA,NA,NA,NA,NA,6.54721970508106,1.79472470417763,82,18,0,0,0,0,0,1,NA,NA,NA,NA,NA,NA,7,8,9,10,11,12,13,NA,NA,NA,NA,NA,NA,NA,NA,NA,NA,NA,NA
"21","C102","jabali",NA,NA,NA,NA,NA,NA,4,2,0,0,0,1,1,NA,NA,NA,NA,NA,NA,NA,NA,NA,NA,NA,NA,6.54721970508106,1.79472470417763,82,18,0,0,0,0,0,1,NA,NA,NA,NA,NA,NA,7,8,9,10,11,12,13,NA,NA,NA,NA,NA,NA,NA,NA,NA,NA,NA,NA
"22","C103","ciervo",NA,NA,NA,NA,NA,4,NA,NA,NA,NA,NA,NA,NA,NA,NA,NA,NA,NA,NA,NA,NA,NA,NA,NA,NA,1.39389068429229,3.03483261361112,0,100,0,0,0,0,0,2,NA,NA,NA,NA,NA,6,NA,NA,NA,NA,NA,NA,NA,NA,NA,NA,NA,NA,NA,NA,NA,NA,NA,NA,NA
"23","C103","gamo",NA,NA,NA,NA,NA,0,NA,NA,NA,NA,NA,NA,NA,NA,NA,NA,NA,NA,NA,NA,NA,NA,NA,NA,NA,1.39389068429229,3.03483261361112,0,100,0,0,0,0,0,2,NA,NA,NA,NA,NA,6,NA,NA,NA,NA,NA,NA,NA,NA,NA,NA,NA,NA,NA,NA,NA,NA,NA,NA,NA
"24","C103","jabali",NA,NA,NA,NA,NA,0,NA,NA,NA,NA,NA,NA,NA,NA,NA,NA,NA,NA,NA,NA,NA,NA,NA,NA,NA,1.39389068429229,3.03483261361112,0,100,0,0,0,0,0,2,NA,NA,NA,NA,NA,6,NA,NA,NA,NA,NA,NA,NA,NA,NA,NA,NA,NA,NA,NA,NA,NA,NA,NA,NA
"25","C104","ciervo",NA,NA,NA,NA,NA,NA,5,1,4,2,3,2,2,7,6,16,12,3,NA,NA,NA,NA,NA,NA,NA,2.50252127576967,7.23708071615313,0,0,17,0,0,83,0,6,NA,NA,NA,NA,NA,NA,7,8,9,10,11,12,13,14,15,16,17,18,NA,NA,NA,NA,NA,NA,NA
"26","C104","gamo",NA,NA,NA,NA,NA,NA,0,0,7,3,5,12,1,3,0,1,0,3,NA,NA,NA,NA,NA,NA,NA,2.50252127576967,7.23708071615313,0,0,17,0,0,83,0,6,NA,NA,NA,NA,NA,NA,7,8,9,10,11,12,13,14,15,16,17,18,NA,NA,NA,NA,NA,NA,NA
"27","C104","jabali",NA,NA,NA,NA,NA,NA,1,0,0,0,0,0,0,0,1,5,1,3,NA,NA,NA,NA,NA,NA,NA,2.50252127576967,7.23708071615313,0,0,17,0,0,83,0,6,NA,NA,NA,NA,NA,NA,7,8,9,10,11,12,13,14,15,16,17,18,NA,NA,NA,NA,NA,NA,NA
"28","C123","ciervo",NA,NA,NA,NA,NA,NA,0,0,1,1,1,NA,NA,NA,NA,NA,NA,NA,NA,NA,NA,NA,NA,NA,NA,8.64900673253657,8.41027575272194,21,79,0,0,0,0,0,2,NA,NA,NA,NA,NA,NA,7,8,9,10,11,NA,NA,NA,NA,NA,NA,NA,NA,NA,NA,NA,NA,NA,NA
"29","C123","gamo",NA,NA,NA,NA,NA,NA,0,0,0,0,0,NA,NA,NA,NA,NA,NA,NA,NA,NA,NA,NA,NA,NA,NA,8.64900673253657,8.41027575272194,21,79,0,0,0,0,0,2,NA,NA,NA,NA,NA,NA,7,8,9,10,11,NA,NA,NA,NA,NA,NA,NA,NA,NA,NA,NA,NA,NA,NA
"30","C123","jabali",NA,NA,NA,NA,NA,NA,0,1,1,1,1,NA,NA,NA,NA,NA,NA,NA,NA,NA,NA,NA,NA,NA,NA,8.64900673253657,8.41027575272194,21,79,0,0,0,0,0,2,NA,NA,NA,NA,NA,NA,7,8,9,10,11,NA,NA,NA,NA,NA,NA,NA,NA,NA,NA,NA,NA,NA,NA
"31","C125","ciervo",NA,NA,NA,NA,NA,NA,2,0,1,4,0,0,0,2,2,1,5,5,NA,NA,NA,NA,NA,NA,NA,2.50252607321835,10.8018549044554,0,0,95,0,0,5,0,3,NA,NA,NA,NA,NA,NA,7,8,9,10,11,12,13,14,15,16,17,18,NA,NA,NA,NA,NA,NA,NA
"32","C125","gamo",NA,NA,NA,NA,NA,NA,0,0,0,0,1,0,0,0,2,0,0,1,NA,NA,NA,NA,NA,NA,NA,2.50252607321835,10.8018549044554,0,0,95,0,0,5,0,3,NA,NA,NA,NA,NA,NA,7,8,9,10,11,12,13,14,15,16,17,18,NA,NA,NA,NA,NA,NA,NA
"33","C125","jabali",NA,NA,NA,NA,NA,NA,0,0,0,0,1,1,0,0,0,0,1,3,NA,NA,NA,NA,NA,NA,NA,2.50252607321835,10.8018549044554,0,0,95,0,0,5,0,3,NA,NA,NA,NA,NA,NA,7,8,9,10,11,12,13,14,15,16,17,18,NA,NA,NA,NA,NA,NA,NA
"34","C142","ciervo",6,1,2,NA,NA,NA,0,1,2,1,4,1,5,0,0,4,1,3,NA,NA,NA,NA,NA,NA,NA,18.038087595407,6.12412488937254,91,0,9,0,0,0,0,1,1,2,3,NA,NA,NA,7,8,9,10,11,12,13,14,15,16,17,18,NA,NA,NA,NA,NA,NA,NA
"35","C142","gamo",0,0,0,NA,NA,NA,0,0,0,0,0,0,0,0,0,0,0,0,NA,NA,NA,NA,NA,NA,NA,18.038087595407,6.12412488937254,91,0,9,0,0,0,0,1,1,2,3,NA,NA,NA,7,8,9,10,11,12,13,14,15,16,17,18,NA,NA,NA,NA,NA,NA,NA
"36","C142","jabali",4,1,1,NA,NA,NA,0,2,7,15,14,5,3,3,4,2,1,0,NA,NA,NA,NA,NA,NA,NA,18.038087595407,6.12412488937254,91,0,9,0,0,0,0,1,1,2,3,NA,NA,NA,7,8,9,10,11,12,13,14,15,16,17,18,NA,NA,NA,NA,NA,NA,NA
"37","C144","ciervo",NA,NA,NA,NA,NA,NA,0,2,5,3,6,3,2,2,NA,NA,NA,NA,NA,NA,NA,NA,NA,NA,NA,7.8735144490494,10.394345413424,0,100,0,0,0,0,0,2,NA,NA,NA,NA,NA,NA,7,8,9,10,11,12,13,14,NA,NA,NA,NA,NA,NA,NA,NA,NA,NA,NA
"38","C144","gamo",NA,NA,NA,NA,NA,NA,0,0,0,0,0,0,0,0,NA,NA,NA,NA,NA,NA,NA,NA,NA,NA,NA,7.8735144490494,10.394345413424,0,100,0,0,0,0,0,2,NA,NA,NA,NA,NA,NA,7,8,9,10,11,12,13,14,NA,NA,NA,NA,NA,NA,NA,NA,NA,NA,NA
"39","C144","jabali",NA,NA,NA,NA,NA,NA,0,0,1,0,0,0,2,1,NA,NA,NA,NA,NA,NA,NA,NA,NA,NA,NA,7.8735144490494,10.394345413424,0,100,0,0,0,0,0,2,NA,NA,NA,NA,NA,NA,7,8,9,10,11,12,13,14,NA,NA,NA,NA,NA,NA,NA,NA,NA,NA,NA
"40","C145","ciervo",NA,NA,NA,NA,NA,NA,5,3,15,5,3,1,3,NA,NA,NA,NA,NA,NA,NA,NA,NA,NA,NA,NA,2.51897783789218,12.8993974419229,0,63,37,0,0,0,0,2,NA,NA,NA,NA,NA,NA,7,8,9,10,11,12,13,NA,NA,NA,NA,NA,NA,NA,NA,NA,NA,NA,NA
"41","C145","gamo",NA,NA,NA,NA,NA,NA,1,0,1,1,0,0,0,NA,NA,NA,NA,NA,NA,NA,NA,NA,NA,NA,NA,2.51897783789218,12.8993974419229,0,63,37,0,0,0,0,2,NA,NA,NA,NA,NA,NA,7,8,9,10,11,12,13,NA,NA,NA,NA,NA,NA,NA,NA,NA,NA,NA,NA
"42","C145","jabali",NA,NA,NA,NA,NA,NA,4,7,9,8,11,3,4,NA,NA,NA,NA,NA,NA,NA,NA,NA,NA,NA,NA,2.51897783789218,12.8993974419229,0,63,37,0,0,0,0,2,NA,NA,NA,NA,NA,NA,7,8,9,10,11,12,13,NA,NA,NA,NA,NA,NA,NA,NA,NA,NA,NA,NA
"43","C146","ciervo",0,1,1,1,NA,NA,NA,NA,NA,NA,NA,NA,NA,NA,NA,NA,NA,NA,NA,NA,NA,NA,NA,NA,NA,1.20814325930247,13.3462296751566,0,0,69,0,0,31,0,3,1,2,3,4,NA,NA,NA,NA,NA,NA,NA,NA,NA,NA,NA,NA,NA,NA,NA,NA,NA,NA,NA,NA,NA
"44","C146","gamo",0,0,0,0,NA,NA,NA,NA,NA,NA,NA,NA,NA,NA,NA,NA,NA,NA,NA,NA,NA,NA,NA,NA,NA,1.20814325930247,13.3462296751566,0,0,69,0,0,31,0,3,1,2,3,4,NA,NA,NA,NA,NA,NA,NA,NA,NA,NA,NA,NA,NA,NA,NA,NA,NA,NA,NA,NA,NA
"45","C146","jabali",1,0,0,1,NA,NA,NA,NA,NA,NA,NA,NA,NA,NA,NA,NA,NA,NA,NA,NA,NA,NA,NA,NA,NA,1.20814325930247,13.3462296751566,0,0,69,0,0,31,0,3,1,2,3,4,NA,NA,NA,NA,NA,NA,NA,NA,NA,NA,NA,NA,NA,NA,NA,NA,NA,NA,NA,NA,NA
"46","C165","ciervo",NA,NA,NA,NA,NA,NA,0,0,0,0,9,10,10,2,9,10,4,10,NA,NA,NA,NA,NA,NA,NA,7.49763173077617,6.28303915030392,0,100,0,0,0,0,0,2,NA,NA,NA,NA,NA,NA,7,8,9,10,11,12,13,14,15,16,17,18,NA,NA,NA,NA,NA,NA,NA
"47","C165","gamo",NA,NA,NA,NA,NA,NA,0,0,0,0,0,0,0,0,0,0,0,0,NA,NA,NA,NA,NA,NA,NA,7.49763173077617,6.28303915030392,0,100,0,0,0,0,0,2,NA,NA,NA,NA,NA,NA,7,8,9,10,11,12,13,14,15,16,17,18,NA,NA,NA,NA,NA,NA,NA
"48","C165","jabali",NA,NA,NA,NA,NA,NA,1,2,5,7,2,2,2,0,3,2,0,0,NA,NA,NA,NA,NA,NA,NA,7.49763173077617,6.28303915030392,0,100,0,0,0,0,0,2,NA,NA,NA,NA,NA,NA,7,8,9,10,11,12,13,14,15,16,17,18,NA,NA,NA,NA,NA,NA,NA
"49","C167","ciervo",NA,NA,NA,NA,NA,NA,0,1,5,6,3,0,0,1,1,3,2,4,NA,NA,NA,NA,NA,NA,NA,3.74486622320792,17.0743501678878,0,0,100,0,0,0,0,3,NA,NA,NA,NA,NA,NA,7,8,9,10,11,12,13,14,15,16,17,18,NA,NA,NA,NA,NA,NA,NA
"50","C167","gamo",NA,NA,NA,NA,NA,NA,0,0,0,0,0,0,0,0,0,0,0,0,NA,NA,NA,NA,NA,NA,NA,3.74486622320792,17.0743501678878,0,0,100,0,0,0,0,3,NA,NA,NA,NA,NA,NA,7,8,9,10,11,12,13,14,15,16,17,18,NA,NA,NA,NA,NA,NA,NA
"51","C167","jabali",NA,NA,NA,NA,NA,NA,1,2,5,0,0,3,3,4,9,6,18,7,NA,NA,NA,NA,NA,NA,NA,3.74486622320792,17.0743501678878,0,0,100,0,0,0,0,3,NA,NA,NA,NA,NA,NA,7,8,9,10,11,12,13,14,15,16,17,18,NA,NA,NA,NA,NA,NA,NA
"52","C184","ciervo",NA,NA,NA,NA,NA,NA,6,7,2,NA,NA,NA,NA,NA,NA,NA,NA,NA,NA,NA,NA,NA,NA,NA,NA,14.8887029514399,6.72007904372959,88,12,0,0,0,0,0,1,NA,NA,NA,NA,NA,NA,7,8,9,NA,NA,NA,NA,NA,NA,NA,NA,NA,NA,NA,NA,NA,NA,NA,NA
"53","C184","gamo",NA,NA,NA,NA,NA,NA,0,0,0,NA,NA,NA,NA,NA,NA,NA,NA,NA,NA,NA,NA,NA,NA,NA,NA,14.8887029514399,6.72007904372959,88,12,0,0,0,0,0,1,NA,NA,NA,NA,NA,NA,7,8,9,NA,NA,NA,NA,NA,NA,NA,NA,NA,NA,NA,NA,NA,NA,NA,NA
"54","C184","jabali",NA,NA,NA,NA,NA,NA,7,9,13,NA,NA,NA,NA,NA,NA,NA,NA,NA,NA,NA,NA,NA,NA,NA,NA,14.8887029514399,6.72007904372959,88,12,0,0,0,0,0,1,NA,NA,NA,NA,NA,NA,7,8,9,NA,NA,NA,NA,NA,NA,NA,NA,NA,NA,NA,NA,NA,NA,NA,NA
"55","C186","ciervo",NA,NA,NA,NA,NA,NA,6,14,10,13,13,20,18,12,12,10,18,17,NA,NA,NA,NA,NA,NA,NA,4.1489096294839,5.76333131244,100,0,0,0,0,0,0,1,NA,NA,NA,NA,NA,NA,7,8,9,10,11,12,13,14,15,16,17,18,NA,NA,NA,NA,NA,NA,NA
"56","C186","gamo",NA,NA,NA,NA,NA,NA,0,0,0,0,0,0,0,0,0,0,0,0,NA,NA,NA,NA,NA,NA,NA,4.1489096294839,5.76333131244,100,0,0,0,0,0,0,1,NA,NA,NA,NA,NA,NA,7,8,9,10,11,12,13,14,15,16,17,18,NA,NA,NA,NA,NA,NA,NA
"57","C186","jabali",NA,NA,NA,NA,NA,NA,0,0,1,0,1,0,2,1,5,2,6,4,NA,NA,NA,NA,NA,NA,NA,4.1489096294839,5.76333131244,100,0,0,0,0,0,0,1,NA,NA,NA,NA,NA,NA,7,8,9,10,11,12,13,14,15,16,17,18,NA,NA,NA,NA,NA,NA,NA
"58","C187","ciervo",NA,NA,NA,NA,NA,NA,6,13,23,19,14,9,7,14,15,16,18,25,NA,NA,NA,NA,NA,NA,NA,0.355382305057773,10.626243387574,0,0,69,0,0,31,0,3,NA,NA,NA,NA,NA,NA,7,8,9,10,11,12,13,14,15,16,17,18,NA,NA,NA,NA,NA,NA,NA
"59","C187","gamo",NA,NA,NA,NA,NA,NA,3,1,4,6,4,NA,3,9,4,2,2,NA,NA,NA,NA,NA,NA,NA,NA,0.355382305057773,10.626243387574,0,0,69,0,0,31,0,3,NA,NA,NA,NA,NA,NA,7,8,9,10,11,12,13,14,15,16,17,18,NA,NA,NA,NA,NA,NA,NA
"60","C187","jabali",NA,NA,NA,NA,NA,NA,3,17,18,23,8,6,9,5,8,8,9,16,NA,NA,NA,NA,NA,NA,NA,0.355382305057773,10.626243387574,0,0,69,0,0,31,0,3,NA,NA,NA,NA,NA,NA,7,8,9,10,11,12,13,14,15,16,17,18,NA,NA,NA,NA,NA,NA,NA
"61","C188","ciervo",NA,NA,NA,NA,NA,NA,2,2,0,2,0,0,0,1,0,0,4,1,NA,NA,NA,NA,NA,NA,NA,3.50253886765346,15.0063724825834,0,0,100,0,0,0,0,3,NA,NA,NA,NA,NA,NA,7,8,9,10,11,12,13,14,15,16,17,18,NA,NA,NA,NA,NA,NA,NA
"62","C188","gamo",NA,NA,NA,NA,NA,NA,0,0,0,1,0,0,0,0,0,0,0,0,NA,NA,NA,NA,NA,NA,NA,3.50253886765346,15.0063724825834,0,0,100,0,0,0,0,3,NA,NA,NA,NA,NA,NA,7,8,9,10,11,12,13,14,15,16,17,18,NA,NA,NA,NA,NA,NA,NA
"63","C188","jabali",NA,NA,NA,NA,NA,NA,2,0,0,0,0,0,0,0,1,0,2,4,NA,NA,NA,NA,NA,NA,NA,3.50253886765346,15.0063724825834,0,0,100,0,0,0,0,3,NA,NA,NA,NA,NA,NA,7,8,9,10,11,12,13,14,15,16,17,18,NA,NA,NA,NA,NA,NA,NA
"64","C220","ciervo",NA,NA,NA,NA,NA,1,1,1,2,0,1,0,2,0,1,1,0,0,NA,NA,NA,NA,NA,NA,NA,47.5742152868425,3.42962008032854,99,0,0,0,1,0,0,1,NA,NA,NA,NA,NA,6,7,8,9,10,11,12,13,14,15,16,17,18,NA,NA,NA,NA,NA,NA,NA
"65","C220","gamo",NA,NA,NA,NA,NA,0,0,0,0,2,0,0,4,2,5,0,3,2,NA,NA,NA,NA,NA,NA,NA,47.5742152868425,3.42962008032854,99,0,0,0,1,0,0,1,NA,NA,NA,NA,NA,6,7,8,9,10,11,12,13,14,15,16,17,18,NA,NA,NA,NA,NA,NA,NA
"66","C220","jabali",NA,NA,NA,NA,NA,4,5,10,9,5,3,5,5,2,8,4,6,6,NA,NA,NA,NA,NA,NA,NA,47.5742152868425,3.42962008032854,99,0,0,0,1,0,0,1,NA,NA,NA,NA,NA,6,7,8,9,10,11,12,13,14,15,16,17,18,NA,NA,NA,NA,NA,NA,NA
"67","C222","ciervo",NA,NA,NA,NA,NA,NA,0,1,0,0,2,1,NA,NA,NA,NA,NA,NA,NA,NA,NA,NA,NA,NA,NA,35.5393717733519,5.92987144965213,28,72,0,0,0,0,0,2,NA,NA,NA,NA,NA,NA,7,8,9,10,11,12,NA,NA,NA,NA,NA,NA,NA,NA,NA,NA,NA,NA,NA
"68","C222","gamo",NA,NA,NA,NA,NA,NA,0,0,0,0,0,0,NA,NA,NA,NA,NA,NA,NA,NA,NA,NA,NA,NA,NA,35.5393717733519,5.92987144965213,28,72,0,0,0,0,0,2,NA,NA,NA,NA,NA,NA,7,8,9,10,11,12,NA,NA,NA,NA,NA,NA,NA,NA,NA,NA,NA,NA,NA
"69","C222","jabali",NA,NA,NA,NA,NA,NA,0,0,0,0,0,0,NA,NA,NA,NA,NA,NA,NA,NA,NA,NA,NA,NA,NA,35.5393717733519,5.92987144965213,28,72,0,0,0,0,0,2,NA,NA,NA,NA,NA,NA,7,8,9,10,11,12,NA,NA,NA,NA,NA,NA,NA,NA,NA,NA,NA,NA,NA
"70","C223","ciervo",1,0,1,0,0,0,0,0,NA,NA,NA,NA,NA,NA,NA,NA,NA,NA,NA,NA,NA,NA,NA,NA,NA,31.5445574467134,6.83072925075577,31,69,0,0,0,0,0,2,1,2,3,4,5,6,7,8,NA,NA,NA,NA,NA,NA,NA,NA,NA,NA,NA,NA,NA,NA,NA,NA,NA
"71","C223","gamo",0,0,0,0,0,0,0,0,NA,NA,NA,NA,NA,NA,NA,NA,NA,NA,NA,NA,NA,NA,NA,NA,NA,31.5445574467134,6.83072925075577,31,69,0,0,0,0,0,2,1,2,3,4,5,6,7,8,NA,NA,NA,NA,NA,NA,NA,NA,NA,NA,NA,NA,NA,NA,NA,NA,NA
"72","C223","jabali",1,0,0,0,0,0,0,0,NA,NA,NA,NA,NA,NA,NA,NA,NA,NA,NA,NA,NA,NA,NA,NA,NA,31.5445574467134,6.83072925075577,31,69,0,0,0,0,0,2,1,2,3,4,5,6,7,8,NA,NA,NA,NA,NA,NA,NA,NA,NA,NA,NA,NA,NA,NA,NA,NA,NA
"73","C224","ciervo",NA,NA,NA,NA,NA,NA,0,0,0,1,0,0,0,0,0,0,1,NA,NA,NA,NA,NA,NA,NA,NA,24.5577346134538,4.44646559208703,47,25,0,0,28,0,0,1,NA,NA,NA,NA,NA,NA,7,8,9,10,11,12,13,14,15,16,17,NA,NA,NA,NA,NA,NA,NA,NA
"74","C224","gamo",NA,NA,NA,NA,NA,NA,0,0,0,0,0,0,0,0,0,0,0,NA,NA,NA,NA,NA,NA,NA,NA,24.5577346134538,4.44646559208703,47,25,0,0,28,0,0,1,NA,NA,NA,NA,NA,NA,7,8,9,10,11,12,13,14,15,16,17,NA,NA,NA,NA,NA,NA,NA,NA
"75","C224","jabali",NA,NA,NA,NA,NA,NA,0,0,0,0,0,0,0,0,0,1,0,NA,NA,NA,NA,NA,NA,NA,NA,24.5577346134538,4.44646559208703,47,25,0,0,28,0,0,1,NA,NA,NA,NA,NA,NA,7,8,9,10,11,12,13,14,15,16,17,NA,NA,NA,NA,NA,NA,NA,NA
"76","C226","ciervo",NA,NA,NA,NA,NA,NA,0,0,0,1,0,0,0,2,0,0,0,0,NA,NA,NA,NA,NA,NA,NA,13.7628239498835,4.81794136665932,31,69,0,0,0,0,0,2,NA,NA,NA,NA,NA,NA,7,8,9,10,11,12,13,14,15,16,17,18,NA,NA,NA,NA,NA,NA,NA
"77","C226","gamo",NA,NA,NA,NA,NA,NA,0,0,0,0,0,0,0,0,0,0,0,0,NA,NA,NA,NA,NA,NA,NA,13.7628239498835,4.81794136665932,31,69,0,0,0,0,0,2,NA,NA,NA,NA,NA,NA,7,8,9,10,11,12,13,14,15,16,17,18,NA,NA,NA,NA,NA,NA,NA
"78","C226","jabali",NA,NA,NA,NA,NA,NA,0,0,2,2,0,0,1,2,0,1,0,1,NA,NA,NA,NA,NA,NA,NA,13.7628239498835,4.81794136665932,31,69,0,0,0,0,0,2,NA,NA,NA,NA,NA,NA,7,8,9,10,11,12,13,14,15,16,17,18,NA,NA,NA,NA,NA,NA,NA
"79","C242","ciervo",NA,NA,NA,NA,NA,2,0,1,1,0,1,NA,NA,NA,NA,NA,NA,NA,NA,NA,NA,NA,NA,NA,NA,41.4133180069973,4.53758059235744,0,66,0,0,34,0,0,2,NA,NA,NA,NA,NA,6,7,8,9,10,11,NA,NA,NA,NA,NA,NA,NA,NA,NA,NA,NA,NA,NA,NA
"80","C242","gamo",NA,NA,NA,NA,NA,1,0,0,0,0,0,NA,NA,NA,NA,NA,NA,NA,NA,NA,NA,NA,NA,NA,NA,41.4133180069973,4.53758059235744,0,66,0,0,34,0,0,2,NA,NA,NA,NA,NA,6,7,8,9,10,11,NA,NA,NA,NA,NA,NA,NA,NA,NA,NA,NA,NA,NA,NA
"81","C242","jabali",NA,NA,NA,NA,NA,0,1,0,1,0,1,NA,NA,NA,NA,NA,NA,NA,NA,NA,NA,NA,NA,NA,NA,41.4133180069973,4.53758059235744,0,66,0,0,34,0,0,2,NA,NA,NA,NA,NA,6,7,8,9,10,11,NA,NA,NA,NA,NA,NA,NA,NA,NA,NA,NA,NA,NA,NA
"82","C243","ciervo",NA,NA,NA,NA,NA,2,3,1,6,0,NA,NA,NA,NA,NA,NA,NA,NA,NA,NA,NA,NA,NA,NA,NA,36.3151029419817,1.48919341108805,39,0,51,0,10,0,0,3,NA,NA,NA,NA,NA,6,7,8,9,10,NA,NA,NA,NA,NA,NA,NA,NA,NA,NA,NA,NA,NA,NA,NA
"83","C243","gamo",NA,NA,NA,NA,NA,0,0,0,0,0,NA,NA,NA,NA,NA,NA,NA,NA,NA,NA,NA,NA,NA,NA,NA,36.3151029419817,1.48919341108805,39,0,51,0,10,0,0,3,NA,NA,NA,NA,NA,6,7,8,9,10,NA,NA,NA,NA,NA,NA,NA,NA,NA,NA,NA,NA,NA,NA,NA
"84","C243","jabali",NA,NA,NA,NA,NA,25,30,15,14,9,NA,NA,NA,NA,NA,NA,NA,NA,NA,NA,NA,NA,NA,NA,NA,36.3151029419817,1.48919341108805,39,0,51,0,10,0,0,3,NA,NA,NA,NA,NA,6,7,8,9,10,NA,NA,NA,NA,NA,NA,NA,NA,NA,NA,NA,NA,NA,NA,NA
"85","C244","ciervo",NA,NA,NA,NA,NA,NA,1,0,0,NA,NA,NA,NA,NA,NA,NA,NA,NA,NA,NA,NA,NA,NA,NA,NA,30.7424120728237,1.38453963757971,39,22,39,0,0,0,0,0,NA,NA,NA,NA,NA,NA,7,8,9,NA,NA,NA,NA,NA,NA,NA,NA,NA,NA,NA,NA,NA,NA,NA,NA
"86","C244","gamo",NA,NA,NA,NA,NA,NA,0,0,0,NA,NA,NA,NA,NA,NA,NA,NA,NA,NA,NA,NA,NA,NA,NA,NA,30.7424120728237,1.38453963757971,39,22,39,0,0,0,0,0,NA,NA,NA,NA,NA,NA,7,8,9,NA,NA,NA,NA,NA,NA,NA,NA,NA,NA,NA,NA,NA,NA,NA,NA
"87","C244","jabali",NA,NA,NA,NA,NA,NA,0,5,2,NA,NA,NA,NA,NA,NA,NA,NA,NA,NA,NA,NA,NA,NA,NA,NA,30.7424120728237,1.38453963757971,39,22,39,0,0,0,0,0,NA,NA,NA,NA,NA,NA,7,8,9,NA,NA,NA,NA,NA,NA,NA,NA,NA,NA,NA,NA,NA,NA,NA,NA
"88","C246","ciervo",NA,NA,NA,NA,NA,1,1,0,0,0,0,NA,NA,NA,NA,NA,NA,NA,NA,NA,NA,NA,NA,NA,NA,20.0211559095294,4.41215427548524,70,30,0,0,0,0,0,1,NA,NA,NA,NA,NA,6,7,8,9,10,11,NA,NA,NA,NA,NA,NA,NA,NA,NA,NA,NA,NA,NA,NA
"89","C246","gamo",NA,NA,NA,NA,NA,0,0,0,0,0,0,NA,NA,NA,NA,NA,NA,NA,NA,NA,NA,NA,NA,NA,NA,20.0211559095294,4.41215427548524,70,30,0,0,0,0,0,1,NA,NA,NA,NA,NA,6,7,8,9,10,11,NA,NA,NA,NA,NA,NA,NA,NA,NA,NA,NA,NA,NA,NA
"90","C246","jabali",NA,NA,NA,NA,NA,3,0,0,0,0,0,NA,NA,NA,NA,NA,NA,NA,NA,NA,NA,NA,NA,NA,NA,20.0211559095294,4.41215427548524,70,30,0,0,0,0,0,1,NA,NA,NA,NA,NA,6,7,8,9,10,11,NA,NA,NA,NA,NA,NA,NA,NA,NA,NA,NA,NA,NA,NA
"91","C263","ciervo",NA,NA,NA,NA,NA,0,0,2,0,0,2,0,0,2,0,0,2,1,NA,NA,NA,NA,NA,NA,NA,43.0674532544114,7.23487409541658,0,0,0,71,13,16,0,4,NA,NA,NA,NA,NA,6,7,8,9,10,11,12,13,14,15,16,17,18,NA,NA,NA,NA,NA,NA,NA
"92","C263","gamo",NA,NA,NA,NA,NA,0,0,0,0,0,2,0,0,0,0,0,0,0,NA,NA,NA,NA,NA,NA,NA,43.0674532544114,7.23487409541658,0,0,0,71,13,16,0,4,NA,NA,NA,NA,NA,6,7,8,9,10,11,12,13,14,15,16,17,18,NA,NA,NA,NA,NA,NA,NA
"93","C263","jabali",NA,NA,NA,NA,NA,3,5,1,4,0,1,0,1,0,0,2,1,2,NA,NA,NA,NA,NA,NA,NA,43.0674532544114,7.23487409541658,0,0,0,71,13,16,0,4,NA,NA,NA,NA,NA,6,7,8,9,10,11,12,13,14,15,16,17,18,NA,NA,NA,NA,NA,NA,NA
"94","C264","ciervo",NA,NA,NA,NA,NA,8,3,3,11,5,6,3,2,1,5,1,4,3,NA,NA,NA,NA,NA,NA,NA,38.0332646632098,3.97218246877355,11,0,0,0,0,89,0,6,NA,NA,NA,NA,NA,6,7,8,9,10,11,12,13,14,15,16,17,18,NA,NA,NA,NA,NA,NA,NA
"95","C264","gamo",NA,NA,NA,NA,NA,0,0,0,0,0,2,0,0,0,0,0,0,0,NA,NA,NA,NA,NA,NA,NA,38.0332646632098,3.97218246877355,11,0,0,0,0,89,0,6,NA,NA,NA,NA,NA,6,7,8,9,10,11,12,13,14,15,16,17,18,NA,NA,NA,NA,NA,NA,NA
"96","C264","jabali",NA,NA,NA,NA,NA,2,0,1,4,1,1,0,1,0,0,0,0,0,NA,NA,NA,NA,NA,NA,NA,38.0332646632098,3.97218246877355,11,0,0,0,0,89,0,6,NA,NA,NA,NA,NA,6,7,8,9,10,11,12,13,14,15,16,17,18,NA,NA,NA,NA,NA,NA,NA
"97","C267","ciervo",NA,NA,NA,NA,NA,2,4,3,1,1,4,1,0,3,0,0,1,0,NA,NA,NA,NA,NA,NA,NA,22.9911186195857,1.53008839008212,0,0,34,0,18,48,0,6,NA,NA,NA,NA,NA,6,7,8,9,10,11,12,13,14,15,16,17,18,NA,NA,NA,NA,NA,NA,NA
"98","C267","gamo",NA,NA,NA,NA,NA,0,0,0,0,0,0,0,0,0,0,0,0,0,NA,NA,NA,NA,NA,NA,NA,22.9911186195857,1.53008839008212,0,0,34,0,18,48,0,6,NA,NA,NA,NA,NA,6,7,8,9,10,11,12,13,14,15,16,17,18,NA,NA,NA,NA,NA,NA,NA
"99","C267","jabali",NA,NA,NA,NA,NA,1,1,0,1,0,0,0,0,0,0,0,0,0,NA,NA,NA,NA,NA,NA,NA,22.9911186195857,1.53008839008212,0,0,34,0,18,48,0,6,NA,NA,NA,NA,NA,6,7,8,9,10,11,12,13,14,15,16,17,18,NA,NA,NA,NA,NA,NA,NA
"100","C284","ciervo",NA,NA,NA,NA,NA,0,0,0,0,2,1,0,0,1,1,0,0,0,NA,NA,NA,NA,NA,NA,NA,45.0139898801283,7.9656957390697,0,82,0,0,18,0,0,2,NA,NA,NA,NA,NA,6,7,8,9,10,11,12,13,14,15,16,17,18,NA,NA,NA,NA,NA,NA,NA
"101","C284","gamo",NA,NA,NA,NA,NA,0,0,0,0,0,0,0,0,0,0,0,0,0,NA,NA,NA,NA,NA,NA,NA,45.0139898801283,7.9656957390697,0,82,0,0,18,0,0,2,NA,NA,NA,NA,NA,6,7,8,9,10,11,12,13,14,15,16,17,18,NA,NA,NA,NA,NA,NA,NA
"102","C284","jabali",NA,NA,NA,NA,NA,0,0,0,1,0,0,0,1,0,1,1,0,1,NA,NA,NA,NA,NA,NA,NA,45.0139898801283,7.9656957390697,0,82,0,0,18,0,0,2,NA,NA,NA,NA,NA,6,7,8,9,10,11,12,13,14,15,16,17,18,NA,NA,NA,NA,NA,NA,NA
"103","P1","ciervo",NA,NA,NA,NA,NA,NA,NA,NA,NA,NA,NA,NA,NA,NA,NA,NA,NA,NA,NA,2,1,1,1,0,1,8.66868324496147,3.58967395399397,99,0,1,0,0,0,1,1,NA,NA,NA,NA,NA,NA,NA,NA,NA,NA,NA,NA,NA,NA,NA,NA,NA,NA,NA,20,21,22,23,24,25
"104","P1","gamo",NA,NA,NA,NA,NA,NA,NA,NA,NA,NA,NA,NA,NA,NA,NA,NA,NA,NA,NA,0,0,0,0,0,0,8.66868324496147,3.58967395399397,99,0,1,0,0,0,1,1,NA,NA,NA,NA,NA,NA,NA,NA,NA,NA,NA,NA,NA,NA,NA,NA,NA,NA,NA,20,21,22,23,24,25
"105","P1","jabali",NA,NA,NA,NA,NA,NA,NA,NA,NA,NA,NA,NA,NA,NA,NA,NA,NA,NA,NA,0,0,0,0,0,0,8.66868324496147,3.58967395399397,99,0,1,0,0,0,1,1,NA,NA,NA,NA,NA,NA,NA,NA,NA,NA,NA,NA,NA,NA,NA,NA,NA,NA,NA,20,21,22,23,24,25
"106","P2","ciervo",NA,NA,NA,NA,NA,NA,NA,NA,NA,NA,NA,NA,NA,NA,NA,NA,NA,NA,4,NA,NA,NA,NA,NA,NA,1.42849450671126,1.53050010612737,0,0,100,0,0,0,1,3,NA,NA,NA,NA,NA,NA,NA,NA,NA,NA,NA,NA,NA,NA,NA,NA,NA,NA,19,NA,NA,NA,NA,NA,NA
"107","P2","gamo",NA,NA,NA,NA,NA,NA,NA,NA,NA,NA,NA,NA,NA,NA,NA,NA,NA,NA,0,NA,NA,NA,NA,NA,NA,1.42849450671126,1.53050010612737,0,0,100,0,0,0,1,3,NA,NA,NA,NA,NA,NA,NA,NA,NA,NA,NA,NA,NA,NA,NA,NA,NA,NA,19,NA,NA,NA,NA,NA,NA
"108","P2","jabali",NA,NA,NA,NA,NA,NA,NA,NA,NA,NA,NA,NA,NA,NA,NA,NA,NA,NA,2,NA,NA,NA,NA,NA,NA,1.42849450671126,1.53050010612737,0,0,100,0,0,0,1,3,NA,NA,NA,NA,NA,NA,NA,NA,NA,NA,NA,NA,NA,NA,NA,NA,NA,NA,19,NA,NA,NA,NA,NA,NA
"109","P3","ciervo",NA,NA,NA,NA,NA,NA,NA,NA,NA,NA,NA,NA,NA,NA,NA,NA,NA,NA,NA,1,0,1,8,2,4,11.5921714598707,10.6006210588043,0,0,55,0,0,0,1,3,NA,NA,NA,NA,NA,NA,NA,NA,NA,NA,NA,NA,NA,NA,NA,NA,NA,NA,NA,20,21,22,23,24,25
"110","P3","gamo",NA,NA,NA,NA,NA,NA,NA,NA,NA,NA,NA,NA,NA,NA,NA,NA,NA,NA,NA,0,0,0,1,2,0,11.5921714598707,10.6006210588043,0,0,55,0,0,0,1,3,NA,NA,NA,NA,NA,NA,NA,NA,NA,NA,NA,NA,NA,NA,NA,NA,NA,NA,NA,20,21,22,23,24,25
"111","P3","jabali",NA,NA,NA,NA,NA,NA,NA,NA,NA,NA,NA,NA,NA,NA,NA,NA,NA,NA,NA,1,1,1,5,6,3,11.5921714598707,10.6006210588043,0,0,55,0,0,0,1,3,NA,NA,NA,NA,NA,NA,NA,NA,NA,NA,NA,NA,NA,NA,NA,NA,NA,NA,NA,20,21,22,23,24,25
"112","P7","ciervo",NA,NA,NA,NA,NA,NA,NA,NA,NA,NA,NA,NA,NA,NA,NA,NA,NA,NA,NA,3,7,1,NA,NA,NA,7.96501625515567,2.27910835055154,0,65,0,0,0,35,1,2,NA,NA,NA,NA,NA,NA,NA,NA,NA,NA,NA,NA,NA,NA,NA,NA,NA,NA,NA,20,21,22,NA,NA,NA
"113","P7","gamo",NA,NA,NA,NA,NA,NA,NA,NA,NA,NA,NA,NA,NA,NA,NA,NA,NA,NA,NA,0,0,0,NA,NA,NA,7.96501625515567,2.27910835055154,0,65,0,0,0,35,1,2,NA,NA,NA,NA,NA,NA,NA,NA,NA,NA,NA,NA,NA,NA,NA,NA,NA,NA,NA,20,21,22,NA,NA,NA
"114","P7","jabali",NA,NA,NA,NA,NA,NA,NA,NA,NA,NA,NA,NA,NA,NA,NA,NA,NA,NA,NA,1,0,2,NA,NA,NA,7.96501625515567,2.27910835055154,0,65,0,0,0,35,1,2,NA,NA,NA,NA,NA,NA,NA,NA,NA,NA,NA,NA,NA,NA,NA,NA,NA,NA,NA,20,21,22,NA,NA,NA
"115","P8","ciervo",NA,NA,NA,NA,NA,NA,NA,NA,NA,NA,NA,NA,NA,NA,NA,NA,NA,NA,NA,0,1,4,2,1,0,1.82718614658527,2.57328687490416,0,0,55,0,0,45,1,3,NA,NA,NA,NA,NA,NA,NA,NA,NA,NA,NA,NA,NA,NA,NA,NA,NA,NA,NA,20,21,22,23,24,25
"116","P8","gamo",NA,NA,NA,NA,NA,NA,NA,NA,NA,NA,NA,NA,NA,NA,NA,NA,NA,NA,NA,0,0,1,0,2,0,1.82718614658527,2.57328687490416,0,0,55,0,0,45,1,3,NA,NA,NA,NA,NA,NA,NA,NA,NA,NA,NA,NA,NA,NA,NA,NA,NA,NA,NA,20,21,22,23,24,25
"117","P8","jabali",NA,NA,NA,NA,NA,NA,NA,NA,NA,NA,NA,NA,NA,NA,NA,NA,NA,NA,NA,3,1,2,0,0,3,1.82718614658527,2.57328687490416,0,0,55,0,0,45,1,3,NA,NA,NA,NA,NA,NA,NA,NA,NA,NA,NA,NA,NA,NA,NA,NA,NA,NA,NA,20,21,22,23,24,25
"118","P14","ciervo",NA,NA,NA,NA,NA,NA,NA,NA,NA,NA,NA,NA,NA,NA,NA,NA,NA,NA,NA,1,1,1,1,2,5,10.1843681408313,7.80576642529483,0,100,0,0,0,0,1,2,NA,NA,NA,NA,NA,NA,NA,NA,NA,NA,NA,NA,NA,NA,NA,NA,NA,NA,NA,20,21,22,23,24,25
"119","P14","gamo",NA,NA,NA,NA,NA,NA,NA,NA,NA,NA,NA,NA,NA,NA,NA,NA,NA,NA,NA,0,0,0,0,0,0,10.1843681408313,7.80576642529483,0,100,0,0,0,0,1,2,NA,NA,NA,NA,NA,NA,NA,NA,NA,NA,NA,NA,NA,NA,NA,NA,NA,NA,NA,20,21,22,23,24,25
"120","P14","jabali",NA,NA,NA,NA,NA,NA,NA,NA,NA,NA,NA,NA,NA,NA,NA,NA,NA,NA,NA,0,1,0,0,0,0,10.1843681408313,7.80576642529483,0,100,0,0,0,0,1,2,NA,NA,NA,NA,NA,NA,NA,NA,NA,NA,NA,NA,NA,NA,NA,NA,NA,NA,NA,20,21,22,23,24,25
"121","P15","ciervo",NA,NA,NA,NA,NA,NA,NA,NA,NA,NA,NA,NA,NA,NA,NA,NA,NA,NA,NA,0,NA,0,NA,NA,NA,0.502497515438713,8.62451280542529,0,0,100,0,0,0,1,3,NA,NA,NA,NA,NA,NA,NA,NA,NA,NA,NA,NA,NA,NA,NA,NA,NA,NA,NA,20,NA,22,NA,NA,NA
"122","P15","gamo",NA,NA,NA,NA,NA,NA,NA,NA,NA,NA,NA,NA,NA,NA,NA,NA,NA,NA,NA,0,NA,0,NA,NA,NA,0.502497515438713,8.62451280542529,0,0,100,0,0,0,1,3,NA,NA,NA,NA,NA,NA,NA,NA,NA,NA,NA,NA,NA,NA,NA,NA,NA,NA,NA,20,NA,22,NA,NA,NA
"123","P15","jabali",NA,NA,NA,NA,NA,NA,NA,NA,NA,NA,NA,NA,NA,NA,NA,NA,NA,NA,NA,4,NA,0,NA,NA,NA,0.502497515438713,8.62451280542529,0,0,100,0,0,0,1,3,NA,NA,NA,NA,NA,NA,NA,NA,NA,NA,NA,NA,NA,NA,NA,NA,NA,NA,NA,20,NA,22,NA,NA,NA
"124","P21","ciervo",NA,NA,NA,NA,NA,NA,NA,NA,NA,NA,NA,NA,NA,NA,NA,NA,NA,NA,NA,3,1,4,2,5,8,8.30864687026216,4.87435788826273,32,68,0,0,0,0,1,2,NA,NA,NA,NA,NA,NA,NA,NA,NA,NA,NA,NA,NA,NA,NA,NA,NA,NA,NA,20,21,22,23,24,25
"125","P21","gamo",NA,NA,NA,NA,NA,NA,NA,NA,NA,NA,NA,NA,NA,NA,NA,NA,NA,NA,NA,0,0,0,0,0,0,8.30864687026216,4.87435788826273,32,68,0,0,0,0,1,2,NA,NA,NA,NA,NA,NA,NA,NA,NA,NA,NA,NA,NA,NA,NA,NA,NA,NA,NA,20,21,22,23,24,25
"126","P21","jabali",NA,NA,NA,NA,NA,NA,NA,NA,NA,NA,NA,NA,NA,NA,NA,NA,NA,NA,NA,1,4,1,1,4,1,8.30864687026216,4.87435788826273,32,68,0,0,0,0,1,2,NA,NA,NA,NA,NA,NA,NA,NA,NA,NA,NA,NA,NA,NA,NA,NA,NA,NA,NA,20,21,22,23,24,25
"127","P22","ciervo",NA,NA,NA,NA,NA,NA,NA,NA,NA,NA,NA,NA,NA,NA,NA,NA,NA,NA,NA,0,NA,NA,NA,NA,NA,2.88544192838288,16.1098728360643,0,0,100,0,0,0,1,3,NA,NA,NA,NA,NA,NA,NA,NA,NA,NA,NA,NA,NA,NA,NA,NA,NA,NA,NA,20,NA,NA,NA,NA,NA
"128","P22","gamo",NA,NA,NA,NA,NA,NA,NA,NA,NA,NA,NA,NA,NA,NA,NA,NA,NA,NA,NA,1,NA,NA,NA,NA,NA,2.88544192838288,16.1098728360643,0,0,100,0,0,0,1,3,NA,NA,NA,NA,NA,NA,NA,NA,NA,NA,NA,NA,NA,NA,NA,NA,NA,NA,NA,20,NA,NA,NA,NA,NA
"129","P22","jabali",NA,NA,NA,NA,NA,NA,NA,NA,NA,NA,NA,NA,NA,NA,NA,NA,NA,NA,NA,3,NA,NA,NA,NA,NA,2.88544192838288,16.1098728360643,0,0,100,0,0,0,1,3,NA,NA,NA,NA,NA,NA,NA,NA,NA,NA,NA,NA,NA,NA,NA,NA,NA,NA,NA,20,NA,NA,NA,NA,NA
"130","P25","ciervo",NA,NA,NA,NA,NA,NA,NA,NA,NA,NA,NA,NA,NA,NA,NA,NA,NA,NA,2,2,1,3,2,0,4,51.5017360468056,6.46198561228585,24,76,0,0,0,0,1,2,NA,NA,NA,NA,NA,NA,NA,NA,NA,NA,NA,NA,NA,NA,NA,NA,NA,NA,19,20,21,22,23,24,25
"131","P25","gamo",NA,NA,NA,NA,NA,NA,NA,NA,NA,NA,NA,NA,NA,NA,NA,NA,NA,NA,0,0,0,0,0,0,0,51.5017360468056,6.46198561228585,24,76,0,0,0,0,1,2,NA,NA,NA,NA,NA,NA,NA,NA,NA,NA,NA,NA,NA,NA,NA,NA,NA,NA,19,20,21,22,23,24,25
"132","P25","jabali",NA,NA,NA,NA,NA,NA,NA,NA,NA,NA,NA,NA,NA,NA,NA,NA,NA,NA,1,0,0,0,0,2,1,51.5017360468056,6.46198561228585,24,76,0,0,0,0,1,2,NA,NA,NA,NA,NA,NA,NA,NA,NA,NA,NA,NA,NA,NA,NA,NA,NA,NA,19,20,21,22,23,24,25
"133","P26","ciervo",NA,NA,NA,NA,NA,NA,NA,NA,NA,NA,NA,NA,NA,NA,NA,NA,NA,NA,NA,3,0,NA,NA,NA,NA,40.523630686477,2.63019271878016,62,38,0,0,0,0,1,1,NA,NA,NA,NA,NA,NA,NA,NA,NA,NA,NA,NA,NA,NA,NA,NA,NA,NA,NA,20,21,NA,NA,NA,NA
"134","P26","gamo",NA,NA,NA,NA,NA,NA,NA,NA,NA,NA,NA,NA,NA,NA,NA,NA,NA,NA,NA,0,0,NA,NA,NA,NA,40.523630686477,2.63019271878016,62,38,0,0,0,0,1,1,NA,NA,NA,NA,NA,NA,NA,NA,NA,NA,NA,NA,NA,NA,NA,NA,NA,NA,NA,20,21,NA,NA,NA,NA
"135","P26","jabali",NA,NA,NA,NA,NA,NA,NA,NA,NA,NA,NA,NA,NA,NA,NA,NA,NA,NA,NA,0,0,NA,NA,NA,NA,40.523630686477,2.63019271878016,62,38,0,0,0,0,1,1,NA,NA,NA,NA,NA,NA,NA,NA,NA,NA,NA,NA,NA,NA,NA,NA,NA,NA,NA,20,21,NA,NA,NA,NA
"136","P27","ciervo",NA,NA,NA,NA,NA,NA,NA,NA,NA,NA,NA,NA,NA,NA,NA,NA,NA,NA,NA,1,2,NA,NA,NA,NA,28.5042005993028,6.54757458798589,5,95,0,0,0,0,1,2,NA,NA,NA,NA,NA,NA,NA,NA,NA,NA,NA,NA,NA,NA,NA,NA,NA,NA,NA,20,21,NA,NA,NA,NA
"137","P27","gamo",NA,NA,NA,NA,NA,NA,NA,NA,NA,NA,NA,NA,NA,NA,NA,NA,NA,NA,NA,0,0,NA,NA,NA,NA,28.5042005993028,6.54757458798589,5,95,0,0,0,0,1,2,NA,NA,NA,NA,NA,NA,NA,NA,NA,NA,NA,NA,NA,NA,NA,NA,NA,NA,NA,20,21,NA,NA,NA,NA
"138","P27","jabali",NA,NA,NA,NA,NA,NA,NA,NA,NA,NA,NA,NA,NA,NA,NA,NA,NA,NA,NA,0,0,NA,NA,NA,NA,28.5042005993028,6.54757458798589,5,95,0,0,0,0,1,2,NA,NA,NA,NA,NA,NA,NA,NA,NA,NA,NA,NA,NA,NA,NA,NA,NA,NA,NA,20,21,NA,NA,NA,NA
"139","P28","ciervo",NA,NA,NA,NA,NA,NA,NA,NA,NA,NA,NA,NA,NA,NA,NA,NA,NA,NA,0,0,3,0,2,0,4,16.5602921059298,3.70942663222579,29,71,0,0,0,0,1,2,NA,NA,NA,NA,NA,NA,NA,NA,NA,NA,NA,NA,NA,NA,NA,NA,NA,NA,19,20,21,22,23,24,25
"140","P28","gamo",NA,NA,NA,NA,NA,NA,NA,NA,NA,NA,NA,NA,NA,NA,NA,NA,NA,NA,0,0,0,0,0,0,0,16.5602921059298,3.70942663222579,29,71,0,0,0,0,1,2,NA,NA,NA,NA,NA,NA,NA,NA,NA,NA,NA,NA,NA,NA,NA,NA,NA,NA,19,20,21,22,23,24,25
"141","P28","jabali",NA,NA,NA,NA,NA,NA,NA,NA,NA,NA,NA,NA,NA,NA,NA,NA,NA,NA,0,0,0,0,0,0,0,16.5602921059298,3.70942663222579,29,71,0,0,0,0,1,2,NA,NA,NA,NA,NA,NA,NA,NA,NA,NA,NA,NA,NA,NA,NA,NA,NA,NA,19,20,21,22,23,24,25
"142","P29","ciervo",NA,NA,NA,NA,NA,NA,NA,NA,NA,NA,NA,NA,NA,NA,NA,NA,NA,NA,2,4,1,2,2,4,5,4.72163968229755,0.957358685216824,53,37,0,10,0,0,1,1,NA,NA,NA,NA,NA,NA,NA,NA,NA,NA,NA,NA,NA,NA,NA,NA,NA,NA,19,20,21,22,23,24,25
"143","P29","gamo",NA,NA,NA,NA,NA,NA,NA,NA,NA,NA,NA,NA,NA,NA,NA,NA,NA,NA,0,0,0,0,0,0,0,4.72163968229755,0.957358685216824,53,37,0,10,0,0,1,1,NA,NA,NA,NA,NA,NA,NA,NA,NA,NA,NA,NA,NA,NA,NA,NA,NA,NA,19,20,21,22,23,24,25
"144","P29","jabali",NA,NA,NA,NA,NA,NA,NA,NA,NA,NA,NA,NA,NA,NA,NA,NA,NA,NA,3,1,0,4,2,0,2,4.72163968229755,0.957358685216824,53,37,0,10,0,0,1,1,NA,NA,NA,NA,NA,NA,NA,NA,NA,NA,NA,NA,NA,NA,NA,NA,NA,NA,19,20,21,22,23,24,25
"145","P30","ciervo",NA,NA,NA,NA,NA,NA,NA,NA,NA,NA,NA,NA,NA,NA,NA,NA,NA,NA,2,0,NA,NA,NA,NA,NA,5.10385704840756,9.23041503998476,0,0,0,0,0,100,1,6,NA,NA,NA,NA,NA,NA,NA,NA,NA,NA,NA,NA,NA,NA,NA,NA,NA,NA,19,20,NA,NA,NA,NA,NA
"146","P30","gamo",NA,NA,NA,NA,NA,NA,NA,NA,NA,NA,NA,NA,NA,NA,NA,NA,NA,NA,0,4,NA,NA,NA,NA,NA,5.10385704840756,9.23041503998476,0,0,0,0,0,100,1,6,NA,NA,NA,NA,NA,NA,NA,NA,NA,NA,NA,NA,NA,NA,NA,NA,NA,NA,19,20,NA,NA,NA,NA,NA
"147","P30","jabali",NA,NA,NA,NA,NA,NA,NA,NA,NA,NA,NA,NA,NA,NA,NA,NA,NA,NA,0,0,NA,NA,NA,NA,NA,5.10385704840756,9.23041503998476,0,0,0,0,0,100,1,6,NA,NA,NA,NA,NA,NA,NA,NA,NA,NA,NA,NA,NA,NA,NA,NA,NA,NA,19,20,NA,NA,NA,NA,NA
"148","P31","ciervo",NA,NA,NA,NA,NA,NA,NA,NA,NA,NA,NA,NA,NA,NA,NA,NA,NA,NA,NA,0,0,1,0,0,0,15.3846654569922,18.0009036708936,0,0,27,0,0,0,1,3,NA,NA,NA,NA,NA,NA,NA,NA,NA,NA,NA,NA,NA,NA,NA,NA,NA,NA,NA,20,21,22,23,24,25
"149","P31","gamo",NA,NA,NA,NA,NA,NA,NA,NA,NA,NA,NA,NA,NA,NA,NA,NA,NA,NA,NA,0,0,1,0,0,1,15.3846654569922,18.0009036708936,0,0,27,0,0,0,1,3,NA,NA,NA,NA,NA,NA,NA,NA,NA,NA,NA,NA,NA,NA,NA,NA,NA,NA,NA,20,21,22,23,24,25
"150","P31","jabali",NA,NA,NA,NA,NA,NA,NA,NA,NA,NA,NA,NA,NA,NA,NA,NA,NA,NA,NA,0,4,4,4,2,3,15.3846654569922,18.0009036708936,0,0,27,0,0,0,1,3,NA,NA,NA,NA,NA,NA,NA,NA,NA,NA,NA,NA,NA,NA,NA,NA,NA,NA,NA,20,21,22,23,24,25
"151","P33","ciervo",NA,NA,NA,NA,NA,NA,NA,NA,NA,NA,NA,NA,NA,NA,NA,NA,NA,NA,NA,4,3,1,1,5,3,41.6335581729859,4.56978111106463,0,83,0,0,17,0,1,2,NA,NA,NA,NA,NA,NA,NA,NA,NA,NA,NA,NA,NA,NA,NA,NA,NA,NA,NA,20,21,22,23,24,25
"152","P33","gamo",NA,NA,NA,NA,NA,NA,NA,NA,NA,NA,NA,NA,NA,NA,NA,NA,NA,NA,NA,0,0,0,0,1,1,41.6335581729859,4.56978111106463,0,83,0,0,17,0,1,2,NA,NA,NA,NA,NA,NA,NA,NA,NA,NA,NA,NA,NA,NA,NA,NA,NA,NA,NA,20,21,22,23,24,25
"153","P33","jabali",NA,NA,NA,NA,NA,NA,NA,NA,NA,NA,NA,NA,NA,NA,NA,NA,NA,NA,NA,0,1,0,0,0,0,41.6335581729859,4.56978111106463,0,83,0,0,17,0,1,2,NA,NA,NA,NA,NA,NA,NA,NA,NA,NA,NA,NA,NA,NA,NA,NA,NA,NA,NA,20,21,22,23,24,25
"154","P34","ciervo",NA,NA,NA,NA,NA,NA,NA,NA,NA,NA,NA,NA,NA,NA,NA,NA,NA,NA,NA,2,1,0,1,0,0,30.0896953413769,0.752704349440326,48,0,52,0,0,0,1,3,NA,NA,NA,NA,NA,NA,NA,NA,NA,NA,NA,NA,NA,NA,NA,NA,NA,NA,NA,20,21,22,23,24,25
"155","P34","gamo",NA,NA,NA,NA,NA,NA,NA,NA,NA,NA,NA,NA,NA,NA,NA,NA,NA,NA,NA,0,0,0,1,0,1,30.0896953413769,0.752704349440326,48,0,52,0,0,0,1,3,NA,NA,NA,NA,NA,NA,NA,NA,NA,NA,NA,NA,NA,NA,NA,NA,NA,NA,NA,20,21,22,23,24,25
"156","P34","jabali",NA,NA,NA,NA,NA,NA,NA,NA,NA,NA,NA,NA,NA,NA,NA,NA,NA,NA,NA,1,0,1,2,1,2,30.0896953413769,0.752704349440326,48,0,52,0,0,0,1,3,NA,NA,NA,NA,NA,NA,NA,NA,NA,NA,NA,NA,NA,NA,NA,NA,NA,NA,NA,20,21,22,23,24,25
"157","P35","ciervo",NA,NA,NA,NA,NA,NA,NA,NA,NA,NA,NA,NA,NA,NA,NA,NA,NA,NA,NA,0,0,0,1,3,0,19.116403363675,2.83586655223024,0,27,73,0,0,0,1,3,NA,NA,NA,NA,NA,NA,NA,NA,NA,NA,NA,NA,NA,NA,NA,NA,NA,NA,NA,20,21,22,23,24,25
"158","P35","gamo",NA,NA,NA,NA,NA,NA,NA,NA,NA,NA,NA,NA,NA,NA,NA,NA,NA,NA,NA,0,0,0,0,0,0,19.116403363675,2.83586655223024,0,27,73,0,0,0,1,3,NA,NA,NA,NA,NA,NA,NA,NA,NA,NA,NA,NA,NA,NA,NA,NA,NA,NA,NA,20,21,22,23,24,25
"159","P35","jabali",NA,NA,NA,NA,NA,NA,NA,NA,NA,NA,NA,NA,NA,NA,NA,NA,NA,NA,NA,0,0,0,1,0,2,19.116403363675,2.83586655223024,0,27,73,0,0,0,1,3,NA,NA,NA,NA,NA,NA,NA,NA,NA,NA,NA,NA,NA,NA,NA,NA,NA,NA,NA,20,21,22,23,24,25
"160","P36","ciervo",NA,NA,NA,NA,NA,NA,NA,NA,NA,NA,NA,NA,NA,NA,NA,NA,NA,NA,NA,2,0,4,3,1,2,9.99626326396484,0.752981750605614,57,19,24,0,0,0,1,1,NA,NA,NA,NA,NA,NA,NA,NA,NA,NA,NA,NA,NA,NA,NA,NA,NA,NA,NA,20,21,22,23,24,25
"161","P36","gamo",NA,NA,NA,NA,NA,NA,NA,NA,NA,NA,NA,NA,NA,NA,NA,NA,NA,NA,NA,0,0,0,0,0,0,9.99626326396484,0.752981750605614,57,19,24,0,0,0,1,1,NA,NA,NA,NA,NA,NA,NA,NA,NA,NA,NA,NA,NA,NA,NA,NA,NA,NA,NA,20,21,22,23,24,25
"162","P36","jabali",NA,NA,NA,NA,NA,NA,NA,NA,NA,NA,NA,NA,NA,NA,NA,NA,NA,NA,NA,0,0,0,1,1,1,9.99626326396484,0.752981750605614,57,19,24,0,0,0,1,1,NA,NA,NA,NA,NA,NA,NA,NA,NA,NA,NA,NA,NA,NA,NA,NA,NA,NA,NA,20,21,22,23,24,25
"163","P37","ciervo",NA,NA,NA,NA,NA,NA,NA,NA,NA,NA,NA,NA,NA,NA,NA,NA,NA,NA,NA,4,3,0,0,2,2,0.957569404047676,6.27928225131223,0,0,54,0,0,46,1,3,NA,NA,NA,NA,NA,NA,NA,NA,NA,NA,NA,NA,NA,NA,NA,NA,NA,NA,NA,20,21,22,23,24,25
"164","P37","gamo",NA,NA,NA,NA,NA,NA,NA,NA,NA,NA,NA,NA,NA,NA,NA,NA,NA,NA,NA,0,0,0,0,0,0,0.957569404047676,6.27928225131223,0,0,54,0,0,46,1,3,NA,NA,NA,NA,NA,NA,NA,NA,NA,NA,NA,NA,NA,NA,NA,NA,NA,NA,NA,20,21,22,23,24,25
"165","P37","jabali",NA,NA,NA,NA,NA,NA,NA,NA,NA,NA,NA,NA,NA,NA,NA,NA,NA,NA,NA,4,5,2,1,0,1,0.957569404047676,6.27928225131223,0,0,54,0,0,46,1,3,NA,NA,NA,NA,NA,NA,NA,NA,NA,NA,NA,NA,NA,NA,NA,NA,NA,NA,NA,20,21,22,23,24,25
"166","P38","ciervo",NA,NA,NA,NA,NA,NA,NA,NA,NA,NA,NA,NA,NA,NA,NA,NA,NA,NA,NA,NA,NA,2,NA,NA,NA,5.58431881631843,8.68846349850053,0,0,97,0,0,3,1,3,NA,NA,NA,NA,NA,NA,NA,NA,NA,NA,NA,NA,NA,NA,NA,NA,NA,NA,NA,NA,NA,22,NA,NA,NA
"167","P38","gamo",NA,NA,NA,NA,NA,NA,NA,NA,NA,NA,NA,NA,NA,NA,NA,NA,NA,NA,NA,NA,NA,0,NA,NA,NA,5.58431881631843,8.68846349850053,0,0,97,0,0,3,1,3,NA,NA,NA,NA,NA,NA,NA,NA,NA,NA,NA,NA,NA,NA,NA,NA,NA,NA,NA,NA,NA,22,NA,NA,NA
"168","P38","jabali",NA,NA,NA,NA,NA,NA,NA,NA,NA,NA,NA,NA,NA,NA,NA,NA,NA,NA,NA,NA,NA,1,NA,NA,NA,5.58431881631843,8.68846349850053,0,0,97,0,0,3,1,3,NA,NA,NA,NA,NA,NA,NA,NA,NA,NA,NA,NA,NA,NA,NA,NA,NA,NA,NA,NA,NA,22,NA,NA,NA
"169","P40","ciervo",NA,NA,NA,NA,NA,NA,NA,NA,NA,NA,NA,NA,NA,NA,NA,NA,NA,NA,NA,0,0,4,1,0,3,33.7164867403187,1.79532761443907,0,0,0,100,0,0,1,4,NA,NA,NA,NA,NA,NA,NA,NA,NA,NA,NA,NA,NA,NA,NA,NA,NA,NA,NA,20,21,22,23,24,25
"170","P40","gamo",NA,NA,NA,NA,NA,NA,NA,NA,NA,NA,NA,NA,NA,NA,NA,NA,NA,NA,NA,0,0,0,0,0,0,33.7164867403187,1.79532761443907,0,0,0,100,0,0,1,4,NA,NA,NA,NA,NA,NA,NA,NA,NA,NA,NA,NA,NA,NA,NA,NA,NA,NA,NA,20,21,22,23,24,25
"171","P40","jabali",NA,NA,NA,NA,NA,NA,NA,NA,NA,NA,NA,NA,NA,NA,NA,NA,NA,NA,NA,0,1,2,0,0,0,33.7164867403187,1.79532761443907,0,0,0,100,0,0,1,4,NA,NA,NA,NA,NA,NA,NA,NA,NA,NA,NA,NA,NA,NA,NA,NA,NA,NA,NA,20,21,22,23,24,25
"172","P41","ciervo",NA,NA,NA,NA,NA,NA,NA,NA,NA,NA,NA,NA,NA,NA,NA,NA,NA,NA,NA,0,2,1,0,2,0,23.0876864350744,4.81384065655775,0,0,83,0,17,0,1,3,NA,NA,NA,NA,NA,NA,NA,NA,NA,NA,NA,NA,NA,NA,NA,NA,NA,NA,NA,20,21,22,23,24,25
"173","P41","gamo",NA,NA,NA,NA,NA,NA,NA,NA,NA,NA,NA,NA,NA,NA,NA,NA,NA,NA,NA,0,0,0,0,0,0,23.0876864350744,4.81384065655775,0,0,83,0,17,0,1,3,NA,NA,NA,NA,NA,NA,NA,NA,NA,NA,NA,NA,NA,NA,NA,NA,NA,NA,NA,20,21,22,23,24,25
"174","P41","jabali",NA,NA,NA,NA,NA,NA,NA,NA,NA,NA,NA,NA,NA,NA,NA,NA,NA,NA,NA,0,0,0,0,0,0,23.0876864350744,4.81384065655775,0,0,83,0,17,0,1,3,NA,NA,NA,NA,NA,NA,NA,NA,NA,NA,NA,NA,NA,NA,NA,NA,NA,NA,NA,20,21,22,23,24,25
"175","P42","ciervo",NA,NA,NA,NA,NA,NA,NA,NA,NA,NA,NA,NA,NA,NA,NA,NA,NA,NA,NA,1,1,1,0,0,2,15.1182303896843,7.04584169999903,0,0,0,0,100,0,1,5,NA,NA,NA,NA,NA,NA,NA,NA,NA,NA,NA,NA,NA,NA,NA,NA,NA,NA,NA,20,21,22,23,24,25
"176","P42","gamo",NA,NA,NA,NA,NA,NA,NA,NA,NA,NA,NA,NA,NA,NA,NA,NA,NA,NA,NA,0,0,0,0,0,0,15.1182303896843,7.04584169999903,0,0,0,0,100,0,1,5,NA,NA,NA,NA,NA,NA,NA,NA,NA,NA,NA,NA,NA,NA,NA,NA,NA,NA,NA,20,21,22,23,24,25
"177","P42","jabali",NA,NA,NA,NA,NA,NA,NA,NA,NA,NA,NA,NA,NA,NA,NA,NA,NA,NA,NA,1,0,0,0,0,0,15.1182303896843,7.04584169999903,0,0,0,0,100,0,1,5,NA,NA,NA,NA,NA,NA,NA,NA,NA,NA,NA,NA,NA,NA,NA,NA,NA,NA,NA,20,21,22,23,24,25
